{
  "qwen3_omni": {
    "suite_a": {
      "R1_longer_speaker": {
        "A0": 0.5851063829787234,
        "A2": 0.8085106382978723,
        "baseline": 0.39361702127659576
      },
      "R2_turn_count": {
        "A0": 0.18666666666666668,
        "A2": 0.043333333333333335,
        "baseline": 0.5033333333333333
      },
      "R4_same_gender": {
        "A0": 0.7966666666666666,
        "A2": 0.95,
        "baseline": 0.6433333333333333
      },
      "R5_overlap_judge": {
        "A0": 0.2966666666666667,
        "A2": 1.0,
        "baseline": 0.75
      },
      "R6_noise_buries": {
        "A0": 0.6033333333333334,
        "A2": 0.6033333333333334,
        "baseline": 0.6
      },
      "R7_indoor_outdoor": {
        "A0": 0.6333333333333333,
        "A2": 0.94,
        "baseline": 0.6
      },
      "R9_noise_timing": {
        "A0": 0.76,
        "A2": 0.84,
        "baseline": 0.73
      }
    },
    "suite_b": {
      "speaker_count": {
        "B2_acc": 1.0,
        "B4_acc_AFR": 0.73,
        "B4_BCR": 0.27
      },
      "snr_bucket": {
        "B2_acc": 1.0,
        "B4_acc_AFR": 1.0,
        "B4_BCR": 0.0
      },
      "primary_transcript": {
        "B2_acc": 0.995,
        "B4_acc_AFR": 0.04,
        "B4_BCR": 0.9416666666666667
      },
      "environment_caption": {
        "B2_acc": 0.62,
        "B4_acc_AFR": 0.09,
        "B4_BCR": 0.6666666666666666
      }
    }
  },
  "minicpm_o": {
    "suite_a": {
      "R1_longer_speaker": {
        "A0": 0.5372340425531915,
        "A2": 0.8297872340425532,
        "baseline": 0.39361702127659576
      },
      "R2_turn_count": {
        "A0": 0.2966666666666667,
        "A2": 0.31,
        "baseline": 0.5033333333333333
      },
      "R4_same_gender": {
        "A0": 0.6566666666666666,
        "A2": 0.8733333333333333,
        "baseline": 0.6433333333333333
      },
      "R5_overlap_judge": {
        "A0": 0.25333333333333335,
        "A2": 0.7866666666666666,
        "baseline": 0.75
      },
      "R6_noise_buries": {
        "A0": 0.6,
        "A2": 0.7033333333333334,
        "baseline": 0.6
      },
      "R7_indoor_outdoor": {
        "A0": 0.4066666666666667,
        "A2": 0.9333333333333333,
        "baseline": 0.6
      },
      "R9_noise_timing": {
        "A0": 0.27,
        "A2": 0.3333333333333333,
        "baseline": 0.73
      }
    },
    "suite_b": {
      "speaker_count": {
        "B2_acc": 1.0,
        "B4_acc_AFR": 0.9566666666666667,
        "B4_BCR": 0.043333333333333335
      },
      "snr_bucket": {
        "B2_acc": 1.0,
        "B4_acc_AFR": 0.8133333333333334,
        "B4_BCR": 0.17
      },
      "primary_transcript": {
        "B2_acc": 0.995,
        "B4_acc_AFR": 0.0016666666666666668,
        "B4_BCR": 0.9983333333333333
      },
      "environment_caption": {
        "B2_acc": 0.86,
        "B4_acc_AFR": 0.13666666666666666,
        "B4_BCR": 0.76
      }
    }
  },
  "ming": {
    "suite_a": {
      "R1_longer_speaker": {
        "A0": 0.425531914893617,
        "A2": 0.824468085106383,
        "baseline": 0.39361702127659576
      },
      "R2_turn_count": {
        "A0": 0.25,
        "A2": 0.013333333333333334,
        "baseline": 0.5033333333333333
      },
      "R4_same_gender": {
        "A0": 0.44,
        "A2": 0.9966666666666667,
        "baseline": 0.6433333333333333
      },
      "R5_overlap_judge": {
        "A0": 0.3233333333333333,
        "A2": 1.0,
        "baseline": 0.75
      },
      "R6_noise_buries": {
        "A0": 0.6,
        "A2": 0.6333333333333333,
        "baseline": 0.6
      },
      "R7_indoor_outdoor": {
        "A0": 0.42,
        "A2": 0.94,
        "baseline": 0.6
      },
      "R9_noise_timing": {
        "A0": 0.27,
        "A2": 0.43,
        "baseline": 0.73
      }
    },
    "suite_b": {
      "speaker_count": {
        "B2_acc": 1.0,
        "B4_acc_AFR": 1.0,
        "B4_BCR": 0.0
      },
      "snr_bucket": {
        "B2_acc": 0.99,
        "B4_acc_AFR": 0.86,
        "B4_BCR": 0.11333333333333333
      },
      "primary_transcript": {
        "B2_acc": 0.9983333333333333,
        "B4_acc_AFR": 0.4816666666666667,
        "B4_BCR": 0.47
      },
      "environment_caption": {
        "B2_acc": 0.44666666666666666,
        "B4_acc_AFR": 0.06666666666666667,
        "B4_BCR": 0.45
      }
    }
  }
}