{
  "qwen3_omni": {
    "A_noise_biasing хЕищГи": {
      "NoCtx": 0.025022426732780087,
      "AGSC": 0.017579333075424194,
      "GCG": 0.007443093657355893,
      "SS": 1.3678873147683657
    },
    "  тФФ SNRтЙд0": {
      "NoCtx": 0.025041982881759663,
      "AGSC": 0.022450901200218264,
      "GCG": 0.0025910816815413983,
      "SS": 1.55441532310733
    },
    "  тФФ SNR=5": {
      "NoCtx": 0.024983640370637276,
      "AGSC": 0.007917389627915944,
      "GCG": 0.017066250742721334,
      "SS": 0.9979400982294208
    },
    "B_overlap_target хЕищГи": {
      "NoCtx": 0.9597588119559223,
      "AGSC": 0.4710244369016297,
      "GCG": 0.48873437505429257,
      "SS": 1.0619529884555687
    },
    "  тФФ overlapтЙе0.3": {
      "NoCtx": 0.7692744316716597,
      "AGSC": 0.4104850766753871,
      "GCG": 0.35878935499627257,
      "SS": 1.069771379120814
    }
  },
  "minicpm_o": {
    "A_noise_biasing хЕищГи": {
      "NoCtx": 0.03504504539321288,
      "AGSC": 0.020532958541459503,
      "GCG": 0.01451208685175338,
      "SS": 1.3826119010274458
    },
    "  тФФ SNRтЙд0": {
      "NoCtx": 0.037701763970723556,
      "AGSC": 0.025588596700741248,
      "GCG": 0.012113167269982308,
      "SS": 1.4977453480195833
    },
    "  тФФ SNR=5": {
      "NoCtx": 0.029775886881150033,
      "AGSC": 0.010505942858884036,
      "GCG": 0.019269944022266,
      "SS": 1.1542638978263726
    },
    "B_overlap_target хЕищГи": {
      "NoCtx": 0.9222851019141008,
      "AGSC": 0.784690206804242,
      "GCG": 0.1375948951098589,
      "SS": 3.374288954366355
    },
    "  тФФ overlapтЙе0.3": {
      "NoCtx": 0.7602308661262895,
      "AGSC": 0.6430336984188499,
      "GCG": 0.1171971677074396,
      "SS": 3.565646940169731
    }
  },
  "ming": {
    "A_noise_biasing хЕищГи": {
      "NoCtx": 0.03958836842244836,
      "AGSC": 0.019946622922175097,
      "GCG": 0.019641745500273262,
      "SS": 0.9563567964087853
    },
    "  тФФ SNRтЙд0": {
      "NoCtx": 0.045696897802616245,
      "AGSC": 0.02572343193196798,
      "GCG": 0.019973465870648265,
      "SS": 0.9987984845185107
    },
    "  тФФ SNR=5": {
      "NoCtx": 0.02747311848511539,
      "AGSC": 0.008489285052752545,
      "GCG": 0.018983833432362845,
      "SS": 0.8721807816578312
    },
    "B_overlap_target хЕищГи": {
      "NoCtx": 0.8350178463511803,
      "AGSC": 0.872793682257047,
      "GCG": -0.03777583590586675,
      "SS": 0.9994444444444445
    },
    "  тФФ overlapтЙе0.3": {
      "NoCtx": 0.8391552891552891,
      "AGSC": 0.8828667512637126,
      "GCG": -0.04371146210842347,
      "SS": 1.0
    }
  }
}