{"gtrain_000": {"cpwer_base": 1.175, "cpwer_inj": 1.2, "delta": -0.02499999999999991}, "gtrain_001": {"cpwer_base": 1.0555555555555556, "cpwer_inj": 0.8055555555555556, "delta": 0.25}, "gtrain_002": {"cpwer_base": 0.9642857142857143, "cpwer_inj": 0.9642857142857143, "delta": 0.0}, "gtrain_003": {"cpwer_base": 0.8653846153846154, "cpwer_inj": 0.8653846153846154, "delta": 0.0}, "gtrain_004": {"cpwer_base": 2.611111111111111, "cpwer_inj": 2.6666666666666665, "delta": -0.05555555555555536}, "gtrain_005": {"cpwer_base": 0.8973214285714286, "cpwer_inj": 0.8973214285714286, "delta": 0.0}, "gtrain_006": {"cpwer_base": 0.65625, "cpwer_inj": 0.625, "delta": 0.03125}, "gtrain_007": {"cpwer_base": 2.2777777777777777, "cpwer_inj": 2.333333333333333, "delta": -0.05555555555555536}, "gtrain_008": {"cpwer_base": 1.1176470588235294, "cpwer_inj": 1.1470588235294117, "delta": -0.02941176470588225}, "gtrain_009": {"cpwer_base": 1.3181818181818183, "cpwer_inj": 1.3181818181818183, "delta": 0.0}, "gtrain_010": {"cpwer_base": 1.2037037037037037, "cpwer_inj": 0.53125, "delta": 0.6724537037037037}, "gtrain_011": {"cpwer_base": 1.6666666666666667, "cpwer_inj": 1.6666666666666667, "delta": 0.0}, "gtrain_012": {"cpwer_base": 1.3055555555555556, "cpwer_inj": 1.1944444444444444, "delta": 0.11111111111111116}, "gtrain_013": {"cpwer_base": 0.5454545454545454, "cpwer_inj": 0.5454545454545454, "delta": 0.0}, "gtrain_014": {"cpwer_base": 2.0, "cpwer_inj": 0.625, "delta": 1.375}, "gtrain_015": {"cpwer_base": 0.8653846153846154, "cpwer_inj": 0.75, "delta": 0.11538461538461542}, "gtrain_016": {"cpwer_base": 0.8372727272727273, "cpwer_inj": 0.8372727272727273, "delta": 0.0}, "gtrain_017": {"cpwer_base": 0.9861111111111112, "cpwer_inj": 0.9861111111111112, "delta": 0.0}, "gtrain_018": {"cpwer_base": 0.8125, "cpwer_inj": 1.1, "delta": -0.2875000000000001}, "gtrain_019": {"cpwer_base": 1.0, "cpwer_inj": 0.9722222222222222, "delta": 0.02777777777777779}, "gtrain_020": {"cpwer_base": 2.2142857142857144, "cpwer_inj": 2.428571428571429, "delta": -0.2142857142857144}, "gtrain_021": {"cpwer_base": 1.4615384615384617, "cpwer_inj": 0.5, "delta": 0.9615384615384617}, "gtrain_022": {"cpwer_base": 0.9705882352941176, "cpwer_inj": 1.08, "delta": -0.10941176470588243}, "gtrain_023": {"cpwer_base": 0.96875, "cpwer_inj": 0.8020833333333333, "delta": 0.16666666666666674}, "gtrain_024": {"cpwer_base": 1.6428571428571428, "cpwer_inj": 1.7142857142857142, "delta": -0.0714285714285714}, "gtrain_025": {"cpwer_base": 0.8125, "cpwer_inj": 1.375, "delta": -0.5625}, "gtrain_026": {"cpwer_base": 0.55, "cpwer_inj": 0.55, "delta": 0.0}, "gtrain_027": {"cpwer_base": 1.3333333333333335, "cpwer_inj": 1.3666666666666667, "delta": -0.033333333333333215}, "gtrain_028": {"cpwer_base": 0.6875, "cpwer_inj": 0.6875, "delta": 0.0}, "gtrain_029": {"cpwer_base": 0.9782608695652174, "cpwer_inj": 1.0, "delta": -0.021739130434782594}, "gtrain_030": {"cpwer_base": 1.6818181818181819, "cpwer_inj": 1.5909090909090908, "delta": 0.09090909090909105}, "gtrain_031": {"cpwer_base": 2.9, "cpwer_inj": 1.7, "delta": 1.2}, "gtrain_032": {"cpwer_base": 1.2666666666666666, "cpwer_inj": 1.2666666666666666, "delta": 0.0}, "gtrain_033": {"cpwer_base": 1.1363636363636362, "cpwer_inj": 0.4444444444444444, "delta": 0.6919191919191918}, "gtrain_034": {"cpwer_base": 2.375, "cpwer_inj": 2.375, "delta": 0.0}, "gtrain_035": {"cpwer_base": 0.6153846153846154, "cpwer_inj": 1.125, "delta": -0.5096153846153846}, "gtrain_036": {"cpwer_base": 0.55, "cpwer_inj": 1.25, "delta": -0.7}, "gtrain_037": {"cpwer_base": 1.1052631578947367, "cpwer_inj": 1.1842105263157894, "delta": -0.07894736842105265}, "gtrain_038": {"cpwer_base": 1.1538461538461537, "cpwer_inj": 1.1538461538461537, "delta": 0.0}, "gtrain_039": {"cpwer_base": 0.9838709677419355, "cpwer_inj": 0.9516129032258065, "delta": 0.032258064516129004}, "gtrain_040": {"cpwer_base": 0.5, "cpwer_inj": 0.5, "delta": 0.0}, "gtrain_041": {"cpwer_base": 0.9318181818181819, "cpwer_inj": 1.0526315789473686, "delta": -0.1208133971291867}, "gtrain_042": {"cpwer_base": 1.5555555555555556, "cpwer_inj": 1.3095238095238095, "delta": 0.24603174603174605}, "gtrain_043": {"cpwer_base": 1.3, "cpwer_inj": 1.3, "delta": 0.0}, "gtrain_044": {"cpwer_base": 1.2142857142857144, "cpwer_inj": 1.1964285714285714, "delta": 0.017857142857143016}, "gtrain_045": {"cpwer_base": 0.8703703703703703, "cpwer_inj": 0.9814814814814814, "delta": -0.11111111111111105}, "gtrain_046": {"cpwer_base": 1.0, "cpwer_inj": 0.9705882352941176, "delta": 0.02941176470588236}, "gtrain_047": {"cpwer_base": 1.9, "cpwer_inj": 1.9, "delta": 0.0}, "gtrain_048": {"cpwer_base": 1.0, "cpwer_inj": 1.0, "delta": 0.0}, "gtrain_049": {"cpwer_base": 0.7941176470588236, "cpwer_inj": 1.0294117647058822, "delta": -0.23529411764705865}, "gtrain_050": {"cpwer_base": 1.380952380952381, "cpwer_inj": 0.5428571428571428, "delta": 0.8380952380952381}, "gtrain_051": {"cpwer_base": 0.46153846153846156, "cpwer_inj": 0.46153846153846156, "delta": 0.0}, "gtrain_052": {"cpwer_base": 1.45, "cpwer_inj": 1.45, "delta": 0.0}, "gtrain_053": {"cpwer_base": 0.5356037151702786, "cpwer_inj": 0.5356037151702786, "delta": 0.0}, "gtrain_054": {"cpwer_base": 1.8214285714285714, "cpwer_inj": 1.8214285714285714, "delta": 0.0}, "gtrain_055": {"cpwer_base": 1.8, "cpwer_inj": 1.85, "delta": -0.050000000000000044}, "gtrain_056": {"cpwer_base": 0.7777777777777778, "cpwer_inj": 0.7777777777777778, "delta": 0.0}, "gtrain_057": {"cpwer_base": 1.3571428571428572, "cpwer_inj": 1.5833333333333333, "delta": -0.22619047619047605}, "gtrain_058": {"cpwer_base": 0.7440476190476191, "cpwer_inj": 0.7440476190476191, "delta": 0.0}, "gtrain_059": {"cpwer_base": 1.0, "cpwer_inj": 1.0, "delta": 0.0}, "gtrain_060": {"cpwer_base": 1.368421052631579, "cpwer_inj": 1.3421052631578947, "delta": 0.026315789473684292}, "gtrain_061": {"cpwer_base": 0.9375, "cpwer_inj": 1.03125, "delta": -0.09375}, "gtrain_062": {"cpwer_base": 1.1052631578947367, "cpwer_inj": 0.8421052631578947, "delta": 0.26315789473684204}, "gtrain_063": {"cpwer_base": 1.0882352941176472, "cpwer_inj": 0.5938375350140056, "delta": 0.4943977591036416}, "gtrain_064": {"cpwer_base": 1.59375, "cpwer_inj": 1.59375, "delta": 0.0}, "gtrain_065": {"cpwer_base": 0.5714285714285714, "cpwer_inj": 0.5714285714285714, "delta": 0.0}, "gtrain_066": {"cpwer_base": 0.9761904761904762, "cpwer_inj": 1.0238095238095237, "delta": -0.04761904761904756}, "gtrain_067": {"cpwer_base": 1.3571428571428572, "cpwer_inj": 1.4285714285714286, "delta": -0.0714285714285714}, "gtrain_068": {"cpwer_base": 1.2083333333333335, "cpwer_inj": 1.2083333333333335, "delta": 0.0}, "gtrain_069": {"cpwer_base": 1.5769230769230769, "cpwer_inj": 1.5769230769230769, "delta": 0.0}, "gtrain_070": {"cpwer_base": 1.3214285714285714, "cpwer_inj": 1.4285714285714286, "delta": -0.1071428571428572}, "gtrain_071": {"cpwer_base": 1.1956521739130435, "cpwer_inj": 0.5691699604743083, "delta": 0.6264822134387351}, "gtrain_072": {"cpwer_base": 1.2058823529411766, "cpwer_inj": 1.1764705882352942, "delta": 0.02941176470588247}, "gtrain_073": {"cpwer_base": 1.1363636363636362, "cpwer_inj": 1.2363636363636363, "delta": -0.10000000000000009}, "gtrain_074": {"cpwer_base": 0.9777777777777779, "cpwer_inj": 0.9777777777777779, "delta": 0.0}, "gtrain_075": {"cpwer_base": 1.2666666666666666, "cpwer_inj": 1.3, "delta": -0.03333333333333344}, "gtrain_076": {"cpwer_base": 0.5, "cpwer_inj": 0.5, "delta": 0.0}, "gtrain_077": {"cpwer_base": 1.131578947368421, "cpwer_inj": 1.263157894736842, "delta": -0.13157894736842102}, "gtrain_078": {"cpwer_base": 2.142857142857143, "cpwer_inj": 2.142857142857143, "delta": 0.0}, "gtrain_079": {"cpwer_base": 0.9090909090909092, "cpwer_inj": 0.9090909090909092, "delta": 0.0}, "gtrain_080": {"cpwer_base": 1.3235294117647058, "cpwer_inj": 0.8529411764705883, "delta": 0.47058823529411753}, "gtrain_081": {"cpwer_base": 1.2333333333333334, "cpwer_inj": 1.2333333333333334, "delta": 0.0},