{"gtrain_000": {"cpwer_base": 0.8916666666666666, "cpwer_inj": 0.8916666666666666, "delta": 0.0}, "gtrain_001": {"cpwer_base": 0.7777777777777778, "cpwer_inj": 0.7222222222222222, "delta": 0.05555555555555558}, "gtrain_002": {"cpwer_base": 0.8098739495798319, "cpwer_inj": 0.8098739495798319, "delta": 0.0}, "gtrain_003": {"cpwer_base": 0.9423076923076923, "cpwer_inj": 0.9423076923076923, "delta": 0.0}, "gtrain_004": {"cpwer_base": 0.8958333333333334, "cpwer_inj": 0.8958333333333334, "delta": 0.0}, "gtrain_005": {"cpwer_base": 0.7142857142857143, "cpwer_inj": 0.7142857142857143, "delta": 0.0}, "gtrain_006": {"cpwer_base": 0.625, "cpwer_inj": 0.65625, "delta": -0.03125}, "gtrain_007": {"cpwer_base": 0.8333333333333334, "cpwer_inj": 0.8333333333333334, "delta": 0.0}, "gtrain_008": {"cpwer_base": 0.8571428571428572, "cpwer_inj": 0.8571428571428572, "delta": 0.0}, "gtrain_009": {"cpwer_base": 1.0, "cpwer_inj": 1.0, "delta": 0.0}, "gtrain_010": {"cpwer_base": 0.5127314814814814, "cpwer_inj": 0.49421296296296297, "delta": 0.018518518518518434}, "gtrain_011": {"cpwer_base": 0.45454545454545453, "cpwer_inj": 0.45454545454545453, "delta": 0.0}, "gtrain_012": {"cpwer_base": 0.4861111111111111, "cpwer_inj": 0.4861111111111111, "delta": 0.0}, "gtrain_013": {"cpwer_base": 0.5454545454545454, "cpwer_inj": 0.5454545454545454, "delta": 0.0}, "gtrain_014": {"cpwer_base": 0.625, "cpwer_inj": 0.625, "delta": 0.0}, "gtrain_015": {"cpwer_base": 0.75, "cpwer_inj": 0.7307692307692308, "delta": 0.019230769230769162}, "gtrain_016": {"cpwer_base": 0.8372727272727273, "cpwer_inj": 0.8372727272727273, "delta": 0.0}, "gtrain_017": {"cpwer_base": 0.6111111111111112, "cpwer_inj": 0.6111111111111112, "delta": 0.0}, "gtrain_018": {"cpwer_base": 0.8125, "cpwer_inj": 0.8125, "delta": 0.0}, "gtrain_019": {"cpwer_base": 0.9722222222222222, "cpwer_inj": 0.9722222222222222, "delta": 0.0}, "gtrain_020": {"cpwer_base": 1.1428571428571428, "cpwer_inj": 1.1428571428571428, "delta": 0.0}, "gtrain_021": {"cpwer_base": 0.5, "cpwer_inj": 0.5, "delta": 0.0}, "gtrain_022": {"cpwer_base": 0.6564705882352941, "cpwer_inj": 0.6564705882352941, "delta": 0.0}, "gtrain_023": {"cpwer_base": 0.9409722222222222, "cpwer_inj": 0.9131944444444444, "delta": 0.02777777777777779}, "gtrain_024": {"cpwer_base": 0.5, "cpwer_inj": 0.5, "delta": 0.0}, "gtrain_025": {"cpwer_base": 0.8125, "cpwer_inj": 0.8125, "delta": 0.0}, "gtrain_026": {"cpwer_base": 0.5, "cpwer_inj": 0.5, "delta": 0.0}, "gtrain_027": {"cpwer_base": 0.925, "cpwer_inj": 0.925, "delta": 0.0}, "gtrain_028": {"cpwer_base": 0.59375, "cpwer_inj": 0.59375, "delta": 0.0}, "gtrain_029": {"cpwer_base": 0.9449275362318841, "cpwer_inj": 0.9449275362318841, "delta": 0.0}, "gtrain_030": {"cpwer_base": 0.5, "cpwer_inj": 0.6363636363636364, "delta": -0.13636363636363635}, "gtrain_031": {"cpwer_base": 1.425, "cpwer_inj": 1.525, "delta": -0.09999999999999987}, "gtrain_032": {"cpwer_base": 0.7333333333333334, "cpwer_inj": 0.7333333333333334, "delta": 0.0}, "gtrain_033": {"cpwer_base": 0.8131313131313131, "cpwer_inj": 0.8131313131313131, "delta": 0.0}, "gtrain_034": {"cpwer_base": 1.0, "cpwer_inj": 1.0, "delta": 0.0}, "gtrain_035": {"cpwer_base": 0.6153846153846154, "cpwer_inj": 0.6153846153846154, "delta": 0.0}, "gtrain_036": {"cpwer_base": 0.55, "cpwer_inj": 0.55, "delta": 0.0}, "gtrain_037": {"cpwer_base": 0.6842105263157895, "cpwer_inj": 0.7105263157894737, "delta": -0.02631578947368418}, "gtrain_038": {"cpwer_base": 0.5, "cpwer_inj": 0.5, "delta": 0.0}, "gtrain_039": {"cpwer_base": 0.9838709677419355, "cpwer_inj": 0.9838709677419355, "delta": 0.0}, "gtrain_040": {"cpwer_base": 0.5, "cpwer_inj": 0.5, "delta": 0.0}, "gtrain_041": {"cpwer_base": 0.7141148325358851, "cpwer_inj": 0.7141148325358851, "delta": 0.0}, "gtrain_042": {"cpwer_base": 0.8650793650793651, "cpwer_inj": 0.8650793650793651, "delta": 0.0}, "gtrain_043": {"cpwer_base": 1.3, "cpwer_inj": 1.3, "delta": 0.0}, "gtrain_044": {"cpwer_base": 0.6773809523809524, "cpwer_inj": 0.6773809523809524, "delta": 0.0}, "gtrain_045": {"cpwer_base": 0.9259259259259259, "cpwer_inj": 0.9259259259259259, "delta": 0.0}, "gtrain_046": {"cpwer_base": 0.6176470588235294, "cpwer_inj": 0.6176470588235294, "delta": 0.0}, "gtrain_047": {"cpwer_base": 1.2166666666666668, "cpwer_inj": 1.2166666666666668, "delta": 0.0}, "gtrain_048": {"cpwer_base": 0.7523809523809524, "cpwer_inj": 0.8238095238095238, "delta": -0.0714285714285714}, "gtrain_049": {"cpwer_base": 0.9705882352941176, "cpwer_inj": 0.9705882352941176, "delta": 0.0}, "gtrain_050": {"cpwer_base": 0.5428571428571428, "cpwer_inj": 0.5428571428571428, "delta": 0.0}, "gtrain_051": {"cpwer_base": 0.46153846153846156, "cpwer_inj": 0.46153846153846156, "delta": 0.0}, "gtrain_052": {"cpwer_base": 0.9500000000000001, "cpwer_inj": 0.9500000000000001, "delta": 0.0}, "gtrain_053": {"cpwer_base": 0.5356037151702786, "cpwer_inj": 0.5356037151702786, "delta": 0.0}, "gtrain_054": {"cpwer_base": 0.5, "cpwer_inj": 0.5, "delta": 0.0}, "gtrain_055": {"cpwer_base": 0.75, "cpwer_inj": 0.75, "delta": 0.0}, "gtrain_056": {"cpwer_base": 0.5, "cpwer_inj": 0.5, "delta": 0.0}, "gtrain_057": {"cpwer_base": 0.9107142857142857, "cpwer_inj": 0.9107142857142857, "delta": 0.0}, "gtrain_058": {"cpwer_base": 0.9345238095238095, "cpwer_inj": 0.9345238095238095, "delta": 0.0}, "gtrain_059": {"cpwer_base": 0.9576719576719577, "cpwer_inj": 0.9576719576719577, "delta": 0.0}, "gtrain_060": {"cpwer_base": 0.78125, "cpwer_inj": 0.78125, "delta": 0.0}, "gtrain_061": {"cpwer_base": 0.7102272727272727, "cpwer_inj": 0.7102272727272727, "delta": 0.0}, "gtrain_062": {"cpwer_base": 0.868421052631579, "cpwer_inj": 0.8421052631578947, "delta": 0.026315789473684292}, "gtrain_063": {"cpwer_base": 0.5938375350140056, "cpwer_inj": 0.5938375350140056, "delta": 0.0}, "gtrain_064": {"cpwer_base": 0.7764423076923077, "cpwer_inj": 0.7764423076923077, "delta": 0.0}, "gtrain_065": {"cpwer_base": 0.5555555555555556, "cpwer_inj": 0.5555555555555556, "delta": 0.0}, "gtrain_066": {"cpwer_base": 0.7142857142857143, "cpwer_inj": 0.6785714285714286, "delta": 0.0357142857142857}, "gtrain_067": {"cpwer_base": 0.7857142857142857, "cpwer_inj": 0.7857142857142857, "delta": 0.0}, "gtrain_068": {"cpwer_base": 0.6666666666666666, "cpwer_inj": 0.6666666666666666, "delta": 0.0}, "gtrain_069": {"cpwer_base": 0.9615384615384616, "cpwer_inj": 0.9615384615384616, "delta": 0.0}, "gtrain_070": {"cpwer_base": 1.0, "cpwer_inj": 0.9444444444444444, "delta": 0.05555555555555558}, "gtrain_071": {"cpwer_base": 0.7055335968379447, "cpwer_inj": 0.7055335968379447, "delta": 0.0}, "gtrain_072": {"cpwer_base": 0.7226890756302521, "cpwer_inj": 0.7226890756302521, "delta": 0.0}, "gtrain_073": {"cpwer_base": 1.5818181818181818, "cpwer_inj": 1.5818181818181818, "delta": 0.0}, "gtrain_074": {"cpwer_base": 0.4444444444444444, "cpwer_inj": 0.4444444444444444, "delta": 0.0}, "gtrain_075": {"cpwer_base": 0.6923076923076923, "cpwer_inj": 0.6923076923076923, "delta": 0.0}, "gtrain_076": {"cpwer_base": 0.5, "cpwer_inj": 0.5, "delta": 0.0}, "gtrain_077": {"cpwer_base": 0.9190283400809716, "cpwer_inj": 0.7611336032388664, "delta": 0.1578947368421052}, "gtrain_078": {"cpwer_base": 0.6428571428571429, "cpwer_inj": 0.6428571428571429, "delta": 0.0}, "gtrain_079": {"cpwer_base": 0.9545454545454546, "cpwer_inj": 0.9545454545454546, "delta": 0.0}, "gtrain_080": {"cpwer_base": 0.9411764705882353, "cpwer_inj": 0.9642857142857143, "delta": -0.02310924369747902}, "gtrain_081": {"cpwer_base": 0.5070175438596491, "cpwer_inj": 0.5070175438596491, "delta": 0.0}, "gtrain_082": {"cpwer_base": 0.8333333333333334, "cpwer_inj": 0.8333333333333334, "delta": 0.0}, "gtrain_083": {"cpwer_base": 0.55, "cpwer_inj": 0.55, "delta": 0.0}, "gtrain_084": {"cpwer_base": 0.8428571428571427, "cpwer_inj": 0.8428571428571427, "delta": 0.0}, "gtrain_085": {"cpwer_base": 0.75, "cpwer_inj": 0.75, "delta": 0.0}, "gtrain_086": {"cpwer_base": 0.8928571428571428, "cpwer_inj": 0.8928571428571428, "delta": 0.0},