{"gtrain_000": {"cpwer_base": 0.9416666666666667, "cpwer_inj": 0.9333333333333333, "delta": 0.008333333333333304}, "gtrain_001": {"cpwer_base": 0.75, "cpwer_inj": 0.7777777777777778, "delta": -0.02777777777777779}, "gtrain_002": {"cpwer_base": 0.7741596638655461, "cpwer_inj": 0.8098739495798319, "delta": -0.03571428571428581}, "gtrain_003": {"cpwer_base": 0.9423076923076923, "cpwer_inj": 0.8653846153846154, "delta": 0.07692307692307687}, "gtrain_004": {"cpwer_base": 0.8958333333333334, "cpwer_inj": 0.8958333333333334, "delta": 0.0}, "gtrain_005": {"cpwer_base": 0.9449404761904762, "cpwer_inj": 0.9761904761904762, "delta": -0.03125}, "gtrain_006": {"cpwer_base": 0.9722222222222222, "cpwer_inj": 0.84375, "delta": 0.1284722222222222}, "gtrain_007": {"cpwer_base": 0.8333333333333334, "cpwer_inj": 0.8333333333333334, "delta": 0.0}, "gtrain_008": {"cpwer_base": 0.8571428571428572, "cpwer_inj": 0.49369747899159666, "delta": 0.36344537815126055}, "gtrain_009": {"cpwer_base": 1.0, "cpwer_inj": 1.0, "delta": 0.0}, "gtrain_010": {"cpwer_base": 0.49421296296296297, "cpwer_inj": 0.49421296296296297, "delta": 0.0}, "gtrain_011": {"cpwer_base": 0.45454545454545453, "cpwer_inj": 0.45454545454545453, "delta": 0.0}, "gtrain_012": {"cpwer_base": 0.5277777777777778, "cpwer_inj": 0.5277777777777778, "delta": 0.0}, "gtrain_013": {"cpwer_base": 0.5454545454545454, "cpwer_inj": 0.5909090909090909, "delta": -0.045454545454545525}, "gtrain_014": {"cpwer_base": 0.7678571428571428, "cpwer_inj": 0.7678571428571428, "delta": 0.0}, "gtrain_015": {"cpwer_base": 0.725752508361204, "cpwer_inj": 0.9782608695652174, "delta": -0.25250836120401343}, "gtrain_016": {"cpwer_base": 0.8372727272727273, "cpwer_inj": 0.9772727272727273, "delta": -0.14}, "gtrain_017": {"cpwer_base": 0.5694444444444444, "cpwer_inj": 0.4861111111111111, "delta": 0.08333333333333331}, "gtrain_018": {"cpwer_base": 0.8125, "cpwer_inj": 0.8125, "delta": 0.0}, "gtrain_019": {"cpwer_base": 0.9222222222222223, "cpwer_inj": 0.9722222222222222, "delta": -0.04999999999999993}, "gtrain_020": {"cpwer_base": 1.5142857142857142, "cpwer_inj": 1.6571428571428573, "delta": -0.14285714285714302}, "gtrain_021": {"cpwer_base": 0.5, "cpwer_inj": 1.5, "delta": -1.0}, "gtrain_022": {"cpwer_base": 0.6270588235294118, "cpwer_inj": 0.6270588235294118, "delta": 0.0}, "gtrain_023": {"cpwer_base": 0.96875, "cpwer_inj": 0.96875, "delta": 0.0}, "gtrain_024": {"cpwer_base": 0.875, "cpwer_inj": 0.875, "delta": 0.0}, "gtrain_025": {"cpwer_base": 0.8125, "cpwer_inj": 0.5902777777777778, "delta": 0.2222222222222222}, "gtrain_026": {"cpwer_base": 0.5, "cpwer_inj": 0.6, "delta": -0.09999999999999998}, "gtrain_027": {"cpwer_base": 0.925, "cpwer_inj": 0.925, "delta": 0.0}, "gtrain_028": {"cpwer_base": 0.65625, "cpwer_inj": 0.65625, "delta": 0.0}, "gtrain_029": {"cpwer_base": 0.9231884057971014, "cpwer_inj": 0.9231884057971014, "delta": 0.0}, "gtrain_030": {"cpwer_base": 0.5909090909090909, "cpwer_inj": 0.6363636363636364, "delta": -0.045454545454545414}, "gtrain_031": {"cpwer_base": 1.325, "cpwer_inj": 2.325, "delta": -1.0000000000000002}, "gtrain_032": {"cpwer_base": 0.7333333333333334, "cpwer_inj": 0.7333333333333334, "delta": 0.0}, "gtrain_033": {"cpwer_base": 0.8131313131313131, "cpwer_inj": 0.8131313131313131, "delta": 0.0}, "gtrain_034": {"cpwer_base": 1.0, "cpwer_inj": 1.0, "delta": 0.0}, "gtrain_035": {"cpwer_base": 0.7692307692307692, "cpwer_inj": 0.8461538461538461, "delta": -0.07692307692307698}, "gtrain_036": {"cpwer_base": 1.0, "cpwer_inj": 0.55, "delta": 0.44999999999999996}, "gtrain_037": {"cpwer_base": 0.9736842105263157, "cpwer_inj": 0.7105263157894737, "delta": 0.26315789473684204}, "gtrain_038": {"cpwer_base": 0.5, "cpwer_inj": 0.5, "delta": 0.0}, "gtrain_039": {"cpwer_base": 0.6981566820276498, "cpwer_inj": 0.6981566820276498, "delta": 0.0}, "gtrain_040": {"cpwer_base": 0.5909090909090909, "cpwer_inj": 0.5909090909090909, "delta": 0.0}, "gtrain_041": {"cpwer_base": 0.7141148325358851, "cpwer_inj": 0.9736842105263157, "delta": -0.25956937799043056}, "gtrain_042": {"cpwer_base": 0.7857142857142857, "cpwer_inj": 0.7857142857142857, "delta": 0.0}, "gtrain_043": {"cpwer_base": 1.3, "cpwer_inj": 1.3, "delta": 0.0}, "gtrain_044": {"cpwer_base": 0.6773809523809524, "cpwer_inj": 0.6773809523809524, "delta": 0.0}, "gtrain_045": {"cpwer_base": 0.9189814814814814, "cpwer_inj": 0.962962962962963, "delta": -0.04398148148148162}, "gtrain_046": {"cpwer_base": 0.5, "cpwer_inj": 0.5, "delta": 0.0}, "gtrain_047": {"cpwer_base": 1.2166666666666668, "cpwer_inj": 1.25, "delta": -0.033333333333333215}, "gtrain_048": {"cpwer_base": 0.7523809523809524, "cpwer_inj": 0.9095238095238095, "delta": -0.15714285714285714}, "gtrain_049": {"cpwer_base": 0.8882352941176471, "cpwer_inj": 1.1470588235294117, "delta": -0.25882352941176456}, "gtrain_050": {"cpwer_base": 0.9428571428571428, "cpwer_inj": 0.5095238095238095, "delta": 0.43333333333333335}, "gtrain_051": {"cpwer_base": 0.46153846153846156, "cpwer_inj": 0.7692307692307692, "delta": -0.3076923076923076}, "gtrain_052": {"cpwer_base": 0.9, "cpwer_inj": 0.9500000000000001, "delta": -0.050000000000000044}, "gtrain_053": {"cpwer_base": 0.5356037151702786, "cpwer_inj": 0.5356037151702786, "delta": 0.0}, "gtrain_054": {"cpwer_base": 0.5, "cpwer_inj": 0.5, "delta": 0.0}, "gtrain_055": {"cpwer_base": 0.8928571428571429, "cpwer_inj": 1.05, "delta": -0.15714285714285714}, "gtrain_056": {"cpwer_base": 0.5, "cpwer_inj": 0.6111111111111112, "delta": -0.11111111111111116}, "gtrain_057": {"cpwer_base": 0.9107142857142857, "cpwer_inj": 0.9107142857142857, "delta": 0.0}, "gtrain_058": {"cpwer_base": 0.7440476190476191, "cpwer_inj": 0.9166666666666666, "delta": -0.17261904761904756}, "gtrain_059": {"cpwer_base": 0.8227513227513228, "cpwer_inj": 0.8042328042328042, "delta": 0.0185185185185186}, "gtrain_060": {"cpwer_base": 0.78125, "cpwer_inj": 0.78125, "delta": 0.0}, "gtrain_061": {"cpwer_base": 0.7556818181818181, "cpwer_inj": 0.8636363636363636, "delta": -0.10795454545454553}, "gtrain_062": {"cpwer_base": 0.868421052631579, "cpwer_inj": 0.9736842105263157, "delta": -0.10526315789473673}, "gtrain_063": {"cpwer_base": 0.5938375350140056, "cpwer_inj": 0.5938375350140056, "delta": 0.0}, "gtrain_064": {"cpwer_base": 0.7764423076923077, "cpwer_inj": 0.7764423076923077, "delta": 0.0}, "gtrain_065": {"cpwer_base": 0.6428571428571429, "cpwer_inj": 0.6111111111111112, "delta": 0.031746031746031744}, "gtrain_066": {"cpwer_base": 0.8571428571428572, "cpwer_inj": 0.8571428571428572, "delta": 0.0}, "gtrain_067": {"cpwer_base": 0.7857142857142857, "cpwer_inj": 0.7857142857142857, "delta": 0.0}, "gtrain_068": {"cpwer_base": 0.6666666666666666, "cpwer_inj": 0.6666666666666666, "delta": 0.0}, "gtrain_069": {"cpwer_base": 0.9615384615384616, "cpwer_inj": 0.6615384615384616, "delta": 0.29999999999999993}, "gtrain_070": {"cpwer_base": 1.0555555555555556, "cpwer_inj": 0.9444444444444444, "delta": 0.11111111111111116}, "gtrain_071": {"cpwer_base": 0.5691699604743083, "cpwer_inj": 0.5237154150197628, "delta": 0.045454545454545525}, "gtrain_072": {"cpwer_base": 0.7815126050420168, "cpwer_inj": 0.7815126050420168, "delta": 0.0}, "gtrain_073": {"cpwer_base": 1.4454545454545453, "cpwer_inj": 1.4454545454545453, "delta": 0.0}, "gtrain_074": {"cpwer_base": 0.4444444444444444, "cpwer_inj": 0.4444444444444444, "delta": 0.0}, "gtrain_075": {"cpwer_base": 0.8333333333333333, "cpwer_inj": 1.0, "delta": -0.16666666666666674}, "gtrain_076": {"cpwer_base": 0.5, "cpwer_inj": 0.7, "delta": -0.19999999999999996}, "gtrain_077": {"cpwer_base": 0.9190283400809716, "cpwer_inj": 0.9190283400809716, "delta": 0.0}, "gtrain_078": {"cpwer_base": 0.6428571428571429, "cpwer_inj": 1.1428571428571428, "delta": -0.4999999999999999}, "gtrain_079": {"cpwer_base": 0.9545454545454546, "cpwer_inj": 0.9545454545454546, "delta": 0.0}, "gtrain_080": {"cpwer_base": 0.9411764705882353, "cpwer_inj": 0.9411764705882353, "delta": 0.0}, "gtrain_081": {"cpwer_base": 0.47368421052631576,